{
  "কুমিল্লা": [
    "দেবিদ্বার",
    "বরুড়া",
    "ব্রাহ্মণপাড়া",
    "চান্দিনা",
    "চৌদ্দগ্রাম",
    "দাউদকান্দি",
    "হোমনা",
    "লাকসাম",
    "মুরাদনগর",
    "নাঙ্গলকোট",
    "কুমিল্লা সদর",
    "মেঘনা",
    "মনোহরগঞ্জ",
    "সদর দক্ষিণ",
    "তিতাস",
    "বুড়িচং",
    "লালমাই"
  ],
  "ফেনী": [
    "ছাগলনাইয়া",
    "ফেনী সদর",
    "সোনাগাজী",
    "ফুলগাজী",
    "পরশুরাম",
    "দাগনভূঞা"
  ],
  "ব্রাহ্মণবাড়িয়া": [
    "ব্রাহ্মণবাড়িয়া সদর",
    "কসবা",
    "নাসিরনগর",
    "সরাইল",
    "আশুগঞ্জ",
    "আখাউড়া",
    "নবীনগর",
    "বাঞ্ছারামপুর",
    "বিজয়নগর"
  ],
  "রাঙ্গামাটি": [
    "রাঙ্গামাটি সদর",
    "কাপ্তাই",
    "কাউখালী",
    "বাঘাইছড়ি",
    "বরকল",
    "লংগদু",
    "রাজস্থলী",
    "বিলাইছড়ি",
    "জুরাছড়ি",
    "নানিয়ারচর"
  ],
  "নোয়াখালী": [
    "নোয়াখালী সদর",
    "কোম্পানীগঞ্জ",
    "বেগমগঞ্জ",
    "হাতিয়া",
    "সুবর্ণচর",
    "কবিরহাট",
    "সেনবাগ",
    "চাটখিল",
    "সোনাইমুড়ী"
  ],
  "চাঁদপুর": [
    "হাইমচর",
    "কচুয়া",
    "শাহরাস্তি",
    "চাঁদপুর সদর",
    "মতলব দক্ষিণ",
    "হাজীগঞ্জ",
    "মতলব উত্তর",
    "ফরিদগঞ্জ"
  ],
  "লক্ষ্মীপুর": [
    "লক্ষ্মীপুর সদর",
    "কমলনগর",
    "রায়পুর",
    "রামগতি",
    "রামগঞ্জ"
  ],
  "চট্টগ্রাম": [
    "রাঙ্গুনিয়া",
    "সীতাকুণ্ড",
    "মীরসরাই",
    "পটিয়া",
    "সন্দ্বীপ",
    "বাঁশখালী",
    "বোয়ালখালী",
    "আনোয়ারা",
    "চন্দনাইশ",
    "সাতকানিয়া",
    "লোহাগাড়া",
    "হাটহাজারী",
    "ফটিকছড়ি",
    "রাউজান",
    "কর্ণফুলী"
  ],
  "কক্সবাজার": [
    "কক্সবাজার সদর",
    "চকরিয়া",
    "কুতুবদিয়া",
    "উখিয়া",
    "মহেশখালী",
    "পেকুয়া",
    "রামু",
    "টেকনাফ",
    "ঈদগাঁও"
  ],
  "খাগড়াছড়ি": [
    "খাগড়াছড়ি সদর",
    "দীঘিনালা",
    "পানছড়ি",
    "লক্ষ্মীছড়ি",
    "মহালছড়ি",
    "মানিকছড়ি",
    "রামগড়",
    "মাটিরাঙ্গা",
    "গুইমারা"
  ],
  "বান্দরবান": [
    "বান্দরবান সদর",
    "আলীকদম",
    "নাইক্ষ্যংছড়ি",
    "রোয়াংছড়ি",
    "লামা",
    "রুমা",
    "থানচি"
  ],
  "সিরাজগঞ্জ": [
    "বেলকুচি",
    "চৌহালী",
    "কামারখন্দ",
    "কাজিপুর",
    "রায়গঞ্জ",
    "শাহজাদপুর",
    "সিরাজগঞ্জ সদর",
    "তাড়াশ",
    "উল্লাপাড়া"
  ],
  "পাবনা": [
    "সুজানগর",
    "ঈশ্বরদী",
    "ভাঙ্গুড়া",
    "পাবনা সদর",
    "বেড়া",
    "আটঘরিয়া",
    "চাটমোহর",
    "সাথিয়া",
    "ফরিদপুর"
  ],
  "বগুড়া": [
    "কাহালু",
    "বগুড়া সদর",
    "সারিয়াকান্দি",
    "শাজাহানপুর",
    "দুপচাঁচিয়া",
    "আদমদীঘি",
    "নন্দীগ্রাম",
    "সোনাতলা",
    "ধুনট",
    "গাবতলী",
    "শেরপুর",
    "শিবগঞ্জ"
  ],
  "রাজশাহী": [
    "পবা",
    "দুর্গাপুর",
    "মোহনপুর",
    "চারঘাট",
    "পুঠিয়া",
    "বাঘা",
    "গোদাগাড়ী",
    "তানোর",
    "বাগমারা"
  ],
  "নাটোর": [
    "নাটোর সদর",
    "সিংড়া",
    "বড়াইগ্রাম",
    "বাগাতিপাড়া",
    "লালপুর",
    "গুরুদাসপুর",
    "নলডাঙ্গা"
  ],
  "জয়পুরহাট": [
    "আক্কেলপুর",
    "কালাই",
    "ক্ষেতলাল",
    "পাঁচবিবি",
    "জয়পুরহাট সদর"
  ],
  "চাঁপাইনবাবগঞ্জ": [
    "চাঁপাইনবাবগঞ্জ সদর",
    "গোমস্তাপুর",
    "নাচোল",
    "ভোলাহাট",
    "শিবগঞ্জ"
  ],
  "নওগাঁ": [
    "মহাদেবপুর",
    "বদলগাছি",
    "পত্নীতলা",
    "ধামইরহাট",
    "নিয়ামতপুর",
    "মান্দা",
    "আত্রাই",
    "রাণীনগর",
    "নওগাঁ সদর",
    "পোরশা",
    "সাপাহার"
  ],
  "যশোর": [
    "মণিরামপুর",
    "অভয়নগর",
    "বাঘেরপাড়া",
    "চৌগাছা",
    "ঝিকরগাছা",
    "কেশবপুর",
    "যশোর সদর",
    "শার্শা"
  ],
  "সাতক্ষীরা": [
    "আশাশুনি",
    "দেবহাটা",
    "কলারোয়া",
    "সাতক্ষীরা সদর",
    "শ্যামনগর",
    "তালা",
    "কালিগঞ্জ"
  ],
  "মেহেরপুর": [
    "মুজিবনগর",
    "মেহেরপুর সদর",
    "গাংনী"
  ],
  "নড়াইল": [
    "নড়াইল সদর",
    "লোহাগড়া",
    "কালিয়া"
  ],
  "চুয়াডাঙ্গা": [
    "চুয়াডাঙ্গা সদর",
    "আলমডাঙ্গা",
    "দামুড়হুদা",
    "জীবননগর"
  ],
  "কুষ্টিয়া": [
    "কুষ্টিয়া সদর",
    "কুমারখালী",
    "খোকসা",
    "মিরপুর",
    "দৌলতপুর",
    "ভেড়ামারা"
  ],
  "মাগুরা": [
    "শালিখা",
    "শ্রীপুর",
    "মাগুরা সদর",
    "মহম্মদপুর"
  ],
  "খুলনা": [
    "পাইকগাছা",
    "ফুলতলা",
    "দিঘলিয়া",
    "রূপসা",
    "তেরখাদা",
    "ডুমুরিয়া",
    "বটিয়াঘাটা",
    "দাকোপ",
    "কয়রা"
  ],
  "বাগেরহাট": [
    "ফকিরহাট",
    "বাগেরহাট সদর",
    "মোল্লাহাট",
    "শরণখোলা",
    "রামপাল",
    "মোড়েলগঞ্জ",
    "কচুয়া",
    "মোংলা",
    "চিতলমারী"
  ],
  "ঝিনাইদহ": [
    "ঝিনাইদহ সদর",
    "শৈলকুপা",
    "হরিণাকুন্ডু",
    "কালীগঞ্জ",
    "কোটচাঁদপুর",
    "মহেশপুর"
  ],
  "ঝালকাঠি": [
    "ঝালকাঠি সদর",
    "কাঠালিয়া",
    "নলছিটি",
    "রাজাপুর"
  ],
  "পটুয়াখালী": [
    "বাউফল",
    "পটুয়াখালী সদর",
    "দুমকি",
    "দশমিনা",
    "কলাপাড়া",
    "মির্জাগঞ্জ",
    "গলাচিপা",
    "রাঙ্গাবালী"
  ],
  "পিরোজপুর": [
    "পিরোজপুর সদর",
    "নাজিরপুর",
    "কাউখালী",
    "জিয়ানগর",
    "ভান্ডারিয়া",
    "মঠবাড়িয়া",
    "নেছারাবাদ"
  ],
  "বরিশাল": [
    "বরিশাল সদর",
    "বাকেরগঞ্জ",
    "বাবুগঞ্জ",
    "উজিরপুর",
    "বানারীপাড়া",
    "গৌরনদী",
    "আগৈলঝাড়া",
    "মেহেন্দিগঞ্জ",
    "মুলাদী",
    "হিজলা"
  ],
  "ভোলা": [
    "ভোলা সদর",
    "বোরহানউদ্দিন",
    "চরফ্যাশন",
    "দৌলতখান",
    "মনপুরা",
    "তজুমদ্দিন",
    "লালমোহন"
  ],
  "বরগুনা": [
    "আমতলী",
    "বরগুনা সদর",
    "বেতাগী",
    "বামনা",
    "পাথরঘাটা",
    "তালতলী"
  ],
  "সিলেট": [
    "বালাগঞ্জ",
    "বিয়ানীবাজার",
    "বিশ্বনাথ",
    "কোম্পানীগঞ্জ",
    "ফেঞ্চুগঞ্জ",
    "গোলাপগঞ্জ",
    "গোয়াইনঘাট",
    "জৈন্তাপুর",
    "কানাইঘাট",
    "সিলেট সদর",
    "জকিগঞ্জ",
    "দক্ষিণ সুরমা",
    "ওসমানীনগর"
  ],
  "মৌলভীবাজার": [
    "বড়লেখা",
    "কমলগঞ্জ",
    "কুলাউড়া",
    "মৌলভীবাজার সদর",
    "রাজনগর",
    "শ্রীমঙ্গল",
    "জুড়ী"
  ],
  "হবিগঞ্জ": [
    "নবীগঞ্জ",
    "বাহুবল",
    "আজমিরীগঞ্জ",
    "বানিয়াচং",
    "লাখাই",
    "চুনারুঘাট",
    "হবিগঞ্জ সদর",
    "মাধবপুর"
  ],
  "সুনামগঞ্জ": [
    "সুনামগঞ্জ সদর",
    "দক্ষিণ সুনামগঞ্জ",
    "বিশ্বম্ভরপুর",
    "ছাতক",
    "জগন্নাথপুর",
    "দোয়ারাবাজার",
    "তাহিরপুর",
    "ধর্মপাশা",
    "জামালগঞ্জ",
    "শাল্লা",
    "দিরাই",
    "মধ্যনগর"
  ],
  "নরসিংদী": [
    "বেলাবো",
    "মনোহরদী",
    "নরসিংদী সদর",
    "পলাশ",
    "রায়পুরা",
    "শিবপুর"
  ],
  "গাজীপুর": [
    "কালীগঞ্জ",
    "কালিয়াকৈর",
    "কাপাসিয়া",
    "গাজীপুর সদর",
    "শ্রীপুর"
  ],
  "শরীয়তপুর": [
    "শরীয়তপুর সদর",
    "নড়িয়া",
    "জাজিরা",
    "গোসাইরহাট",
    "ভেদরগঞ্জ",
    "ডামুড্যা"
  ],
  "নারায়ণগঞ্জ": [
    "আড়াইহাজার",
    "বন্দর",
    "নারায়ণগঞ্জ সদর",
    "রূপগঞ্জ",
    "সোনারগাঁও"
  ],
  "টাঙ্গাইল": [
    "বাসাইল",
    "ভুঞাপুর",
    "দেলদুয়ার",
    "ঘাটাইল",
    "গোপালপুর",
    "মধুপুর",
    "মির্জাপুর",
    "নাগরপুর",
    "সখিপুর",
    "টাঙ্গাইল সদর",
    "কালিহাতী",
    "ধনবাড়ী"
  ],
  "কিশোরগঞ্জ": [
    "ইটনা",
    "কটিয়াদী",
    "ভৈরব",
    "তাড়াইল",
    "হোসেনপুর",
    "পাকুন্দিয়া",
    "কিশোরগঞ্জ সদর",
    "করিমগঞ্জ",
    "বাজিতপুর",
    "অষ্টগ্রাম",
    "মিঠামইন",
    "নিকলী",
    "কুলিয়ারচর"
  ],
  "মানিকগঞ্জ": [
    "হরিরামপুর",
    "সাটুরিয়া",
    "মানিকগঞ্জ সদর",
    "ঘিওর",
    "শিবালয়",
    "দৌলতপুর",
    "সিংগাইর"
  ],
  "ঢাকা": [
    "সাভার",
    "ধামরাই",
    "কেরানীগঞ্জ",
    "নবাবগঞ্জ",
    "দোহার"
  ],
  "মুন্সীগঞ্জ": [
    "মুন্সীগঞ্জ সদর",
    "শ্রীনগর",
    "সিরাজদিখান",
    "লৌহজং",
    "গজারিয়া",
    "টঙ্গীবাড়ী"
  ],
  "রাজবাড়ী": [
    "রাজবাড়ী সদর",
    "গোয়ালন্দ",
    "পাংশা",
    "বালিয়াকান্দি",
    "কালুখালী"
  ],
  "মাদারীপুর": [
    "মাদারীপুর সদর",
    "শিবচর",
    "কালকিনি",
    "রাজৈর",
    "ডাসার"
  ],
  "গোপালগঞ্জ": [
    "গোপালগঞ্জ সদর",
    "কাশিয়ানী",
    "টুঙ্গিপাড়া",
    "কোটালীপাড়া",
    "মুকসুদপুর"
  ],
  "ফরিদপুর": [
    "ফরিদপুর সদর",
    "আলফাডাঙ্গা",
    "বোয়ালমারী",
    "সদরপুর",
    "নগরকান্দা",
    "ভাঙ্গা",
    "চরভদ্রাসন",
    "মধুখালী",
    "সালথা"
  ],
  "পঞ্চগড়": [
    "পঞ্চগড় সদর",
    "দেবীগঞ্জ",
    "বোদা",
    "আটোয়ারী",
    "তেঁতুলিয়া"
  ],
  "দিনাজপুর": [
    "নবাবগঞ্জ",
    "বীরগঞ্জ",
    "ঘোড়াঘাট",
    "বিরামপুর",
    "পার্বতীপুর",
    "বোচাগঞ্জ",
    "কাহারোল",
    "ফুলবাড়ী",
    "দিনাজপুর সদর",
    "হাকিমপুর",
    "খানসামা",
    "বি럴",
    "চিরিরবন্দর"
  ],
  "লালমনিরহাট": [
    "লালমনিরহাট সদর",
    "কালীগঞ্জ",
    "হাতিবান্ধা",
    "পাটগ্রাম",
    "আদিতমারী"
  ],
  "নীলফামারী": [
    "সৈয়দপুর",
    "ডোমার",
    "ডিমলা",
    "জলঢাকা",
    "কিশোরগঞ্জ",
    "নীলফামারী সদর"
  ],
  "গাইবান্ধা": [
    "সাদুল্লাপুর",
    "গাইবান্ধা সদর",
    "পলাশবাড়ী",
    "সাঘাটা",
    "গোবিন্দগঞ্জ",
    "সুন্দরগঞ্জ",
    "ফুলছড়ি"
  ],
  "ঠাকুরগাঁও": [
    "ঠাকুরগাঁও সদর",
    "পীরগঞ্জ",
    "রাণীশংকৈল",
    "হরিপুর",
    "বালিয়াডাঙ্গী"
  ],
  "রংপুর": [
    "রংপুর সদর",
    "গঙ্গাচড়া",
    "তারাগঞ্জ",
    "বদরগঞ্জ",
    "মিঠাপুকুর",
    "পীরগঞ্জ",
    "কাউনিয়া",
    "পীরগাছা"
  ],
  "কুড়িগ্রাম": [
    "কুড়িগ্রাম সদর",
    "নাগেশ্বরী",
    "ভুরুঙ্গামারী",
    "ফুলবাড়ী",
    "রাজারহাট",
    "উলিপুর",
    "চিলমারী",
    "রৌমারী",
    "চর রাজিবপুর"
  ],
  "শেরপুর": [
    "শেরপুর সদর",
    "নালিতাবাড়ী",
    "শ্রীবরদী",
    "নকলা",
    "ঝিনাইগাতী"
  ],
  "ময়মনসিংহ": [
    "ফুলবাড়িয়া",
    "ত্রিশাল",
    "ভালুকা",
    "মুক্তাগাছা",
    "ময়মনসিংহ সদর",
    "ধোবাউড়া",
    "ফুলপুর",
    "হালুয়াঘাট",
    "গৌরীপুর",
    "গফরগাঁও",
    "ঈশ্বরগঞ্জ",
    "নান্দাইল",
    "তারাকান্দা"
  ],
  "জামালপুর": [
    "জামালপুর সদর",
    "মেলান্দহ",
    "ইসলামপুর",
    "দেওয়ানগঞ্জ",
    "সরিষাবাড়ী",
    "মাদারগঞ্জ",
    "বকশীগঞ্জ"
  ],
  "নেত্রকোণা": [
    "বারহাট্টা",
    "দুর্গাপুর",
    "কেন্দুয়া",
    "আটপাড়া",
    "মদন",
    "খালিয়াজুরী",
    "কলমাকান্দা",
    "মোহনগঞ্জ",
    "পূর্বধলা",
    "নেত্রকোণা সদর"
  ]
}